<?xml version="1.0" encoding="UTF-8"?>
<sbml xmlns="http://www.sbml.org/sbml/level3/version1/core" xmlns:comp="http://www.sbml.org/sbml/level3/version1/comp/version1" level="3" version="1" comp:required="true">
  <notes>
    <body xmlns="http://www.w3.org/1999/xhtml">
      <p>Created with <a href="https://github.com/matthiaskoenig/sbmlutils">https://github.com/matthiaskoenig/sbmlutils</a>.
<a href="https://doi.org/10.5281/zenodo.5525390">
        <img src="https://zenodo.org/badge/DOI/10.5281/zenodo.5525390.svg" alt="DOI"/></a></p>
      </body>
    </notes>
  <model id="nan_species" name="NaN species example" substanceUnits="mmole" timeUnits="min" volumeUnits="litre" extentUnits="mmole">
    <notes>
      <body xmlns="http://www.w3.org/1999/xhtml">
        <h2>Terms of use</h2>
        <p>The content of this model has been carefully created in a manual research effort.
This file has been created by <a href="https://livermetabolism.com">Matthias König</a>
using <a>
          <a href="https://github.com/matthiaskoenig/sbmlutils">sbmlutils</a>
        </a>.
For questions contact koenigmx@hu-berlin.de.</p>
        <a href="https://livermetabolism.com">
          <img src="https://livermetabolism.com/img/people/koenig.png" width="80"/>
        </a>
Copyright © 2021 Matthias König.
<a rel="license" href="http://creativecommons.org/licenses/by/4.0/">
          <img alt="Creative Commons License" style="border-width:0" src="https://i.creativecommons.org/l/by/4.0/88x31.png"/></a>
          <br/>This work is licensed under a <a rel="license" href="http://creativecommons.org/licenses/by/4.0/">Creative Commons Attribution 4.0 International License</a>.
<p>Redistribution and use of any part of this model, with or without modification,
are permitted provided that the following conditions are met:</p>
          <ol>
            <li>Redistributions of this SBML file must retain the above copyright notice, this
list of conditions and the following disclaimer.</li>
            <li>Redistributions in a different form must reproduce the above copyright notice,
this list of conditions and the following disclaimer in the documentation and/or
other materials provided with the distribution.</li>
          </ol>
          <p>This model is distributed in the hope that it will be useful, but WITHOUT ANY
WARRANTY; without even the implied warranty of MERCHANTABILITY or FITNESS
FOR A PARTICULAR PURPOSE.</p></body>
        </notes>
    <listOfUnitDefinitions>
      <unitDefinition id="mM" name="mmole/liter">
        <listOfUnits>
          <unit kind="mole" exponent="1" scale="0" multiplier="0.001"/>
          <unit kind="litre" exponent="-1" scale="0" multiplier="1"/>
        </listOfUnits>
      </unitDefinition>
      <unitDefinition id="min" name="min">
        <listOfUnits>
          <unit kind="second" exponent="1" scale="0" multiplier="60"/>
        </listOfUnits>
      </unitDefinition>
      <unitDefinition id="mmole" name="mmole">
        <listOfUnits>
          <unit kind="mole" exponent="1" scale="0" multiplier="0.001"/>
        </listOfUnits>
      </unitDefinition>
      <unitDefinition id="mmole_per_min" name="mmole/min">
        <listOfUnits>
          <unit kind="mole" exponent="1" scale="0" multiplier="0.001"/>
          <unit kind="second" exponent="-1" scale="0" multiplier="60"/>
        </listOfUnits>
      </unitDefinition>
    </listOfUnitDefinitions>
    <listOfCompartments>
      <compartment metaid="meta_Vext" sboTerm="SBO:0000290" id="Vext" name="plasma" spatialDimensions="3" size="NaN" units="litre" constant="true">
        <annotation>
          <rdf:RDF xmlns:rdf="http://www.w3.org/1999/02/22-rdf-syntax-ns#" xmlns:dcterms="http://purl.org/dc/terms/" xmlns:vCard="http://www.w3.org/2001/vcard-rdf/3.0#" xmlns:vCard4="http://www.w3.org/2006/vcard/ns#" xmlns:bqbiol="http://biomodels.net/biology-qualifiers/" xmlns:bqmodel="http://biomodels.net/model-qualifiers/">
            <rdf:Description rdf:about="#meta_Vext">
              <bqbiol:is>
                <rdf:Bag>
                  <rdf:li rdf:resource="https://identifiers.org/SBO:0000290"/>
                </rdf:Bag>
              </bqbiol:is>
            </rdf:Description>
          </rdf:RDF>
        </annotation>
      </compartment>
    </listOfCompartments>
    <listOfSpecies>
      <species metaid="meta_dex_ext" sboTerm="SBO:0000247" id="dex_ext" name="dextromethorphan (plasma)" compartment="Vext" initialConcentration="0" substanceUnits="mmole" hasOnlySubstanceUnits="false" boundaryCondition="false" constant="false">
        <annotation>
          <rdf:RDF xmlns:rdf="http://www.w3.org/1999/02/22-rdf-syntax-ns#" xmlns:dcterms="http://purl.org/dc/terms/" xmlns:vCard="http://www.w3.org/2001/vcard-rdf/3.0#" xmlns:vCard4="http://www.w3.org/2006/vcard/ns#" xmlns:bqbiol="http://biomodels.net/biology-qualifiers/" xmlns:bqmodel="http://biomodels.net/model-qualifiers/">
            <rdf:Description rdf:about="#meta_dex_ext">
              <bqbiol:is>
                <rdf:Bag>
                  <rdf:li rdf:resource="https://identifiers.org/SBO:0000247"/>
                </rdf:Bag>
              </bqbiol:is>
            </rdf:Description>
          </rdf:RDF>
        </annotation>
      </species>
    </listOfSpecies>
    <listOfParameters>
      <parameter metaid="meta_DEXEX_Vmax" sboTerm="SBO:0000186" id="DEXEX_Vmax" value="1" units="mmole_per_min" constant="true">
        <annotation>
          <rdf:RDF xmlns:rdf="http://www.w3.org/1999/02/22-rdf-syntax-ns#" xmlns:dcterms="http://purl.org/dc/terms/" xmlns:vCard="http://www.w3.org/2001/vcard-rdf/3.0#" xmlns:vCard4="http://www.w3.org/2006/vcard/ns#" xmlns:bqbiol="http://biomodels.net/biology-qualifiers/" xmlns:bqmodel="http://biomodels.net/model-qualifiers/">
            <rdf:Description rdf:about="#meta_DEXEX_Vmax">
              <bqbiol:is>
                <rdf:Bag>
                  <rdf:li rdf:resource="https://identifiers.org/SBO:0000186"/>
                </rdf:Bag>
              </bqbiol:is>
            </rdf:Description>
          </rdf:RDF>
        </annotation>
      </parameter>
      <parameter metaid="meta_DEXEX_Km_dex" sboTerm="SBO:0000027" id="DEXEX_Km_dex" value="0.1" units="mM" constant="true">
        <annotation>
          <rdf:RDF xmlns:rdf="http://www.w3.org/1999/02/22-rdf-syntax-ns#" xmlns:dcterms="http://purl.org/dc/terms/" xmlns:vCard="http://www.w3.org/2001/vcard-rdf/3.0#" xmlns:vCard4="http://www.w3.org/2006/vcard/ns#" xmlns:bqbiol="http://biomodels.net/biology-qualifiers/" xmlns:bqmodel="http://biomodels.net/model-qualifiers/">
            <rdf:Description rdf:about="#meta_DEXEX_Km_dex">
              <bqbiol:is>
                <rdf:Bag>
                  <rdf:li rdf:resource="https://identifiers.org/SBO:0000027"/>
                </rdf:Bag>
              </bqbiol:is>
            </rdf:Description>
          </rdf:RDF>
        </annotation>
      </parameter>
    </listOfParameters>
    <listOfReactions>
      <reaction metaid="meta_DEXEX" sboTerm="SBO:0000655" id="DEXEX" name="DEX export" reversible="false" fast="false">
        <annotation>
          <rdf:RDF xmlns:rdf="http://www.w3.org/1999/02/22-rdf-syntax-ns#" xmlns:dcterms="http://purl.org/dc/terms/" xmlns:vCard="http://www.w3.org/2001/vcard-rdf/3.0#" xmlns:vCard4="http://www.w3.org/2006/vcard/ns#" xmlns:bqbiol="http://biomodels.net/biology-qualifiers/" xmlns:bqmodel="http://biomodels.net/model-qualifiers/">
            <rdf:Description rdf:about="#meta_DEXEX">
              <bqbiol:is>
                <rdf:Bag>
                  <rdf:li rdf:resource="https://identifiers.org/SBO:0000655"/>
                </rdf:Bag>
              </bqbiol:is>
            </rdf:Description>
          </rdf:RDF>
        </annotation>
        <listOfReactants>
          <speciesReference species="dex_ext" stoichiometry="1" constant="true"/>
        </listOfReactants>
        <kineticLaw>
          <math xmlns="http://www.w3.org/1998/Math/MathML">
            <apply>
              <divide/>
              <apply>
                <times/>
                <ci> DEXEX_Vmax </ci>
                <ci> dex_ext </ci>
              </apply>
              <apply>
                <plus/>
                <ci> DEXEX_Km_dex </ci>
                <ci> dex_ext </ci>
              </apply>
            </apply>
          </math>
        </kineticLaw>
      </reaction>
    </listOfReactions>
  </model>
</sbml>
