<?xml version="1.0" encoding="UTF-8"?>
<sedML xmlns="http://sed-ml.org/sed-ml/level1/version4" level="1" version="4">
  <listOfDataDescriptions>
    <dataDescription id="data1" format="urn:sedml:format:tsv" source="PK_fit2.tsv">
      <dimensionDescription xmlns="http://www.numl.org/numl/level1/version1">
        <compositeDescription xmlns="http://www.numl.org/numl/level1/version1" id="time" indexType="double">
          <compositeDescription xmlns="http://www.numl.org/numl/level1/version1" id="columnNames" indexType="string">
            <atomicDescription xmlns="http://www.numl.org/numl/level1/version1" name="concentration" valueType="double"/>
          </compositeDescription>
        </compositeDescription>
      </dimensionDescription>
      <listOfDataSources>
        <dataSource id="ds_time" indexSet="time"/>
        <dataSource id="ds_fru16bp">
          <listOfSlices>
            <slice reference="columnNames" value="Values[F16BP_obs]"/>
          </listOfSlices>
        </dataSource>
        <dataSource id="ds_glu">
          <listOfSlices>
            <slice reference="columnNames" value="Values[Glu_obs]"/>
          </listOfSlices>
        </dataSource>
        <dataSource id="ds_pyr">
          <listOfSlices>
            <slice reference="columnNames" value="Values[Pyr_obs]"/>
          </listOfSlices>
        </dataSource>
        <dataSource id="ds_glu_ext">
          <listOfSlices>
            <slice reference="columnNames" value="[Glc(ext)]_0"/>
          </listOfSlices>
        </dataSource>
      </listOfDataSources>
    </dataDescription>
  </listOfDataDescriptions>
  <listOfModels>
    <model id="model1" language="urn:sedml:language:sbml" source="model.xml"/>
  </listOfModels>
  <listOfTasks>
    <parameterEstimationTask id="pe1">
      <algorithm kisaoID="KISAO:0000515"/>
      <leastSquareObjectiveFunction/>
      <listOfAdjustableParameters>
        <adjustableParameter modelReference="model1" target="/sbml:sbml/sbml:model/sbml:listOfParameters/sbml:parameter[@id=&apos;hexokinase_Vmax_2&apos;]">
          <bounds initialValue="184.9110044" lowerBound="1e-06" upperBound="1000000"/>
        </adjustableParameter>
        <adjustableParameter modelReference="model1" target="/sbml:sbml/sbml:model/sbml:listOfParameters/sbml:parameter[@id=&apos;phosphofructosekinase_Vmax_4&apos;]">
          <bounds initialValue="119.8695681" lowerBound="1e-06" upperBound="1000000"/>
        </adjustableParameter>
        <adjustableParameter modelReference="model1" target="/sbml:sbml/sbml:model/sbml:listOfSpecies/sbml:species[@id=&apos;F16bP&apos;]">
          <bounds initialValue="3.274640975" lowerBound="1e-06" upperBound="1000000"/>
        </adjustableParameter>
        <adjustableParameter modelReference="model1" target="/sbml:sbml/sbml:model/sbml:listOfParameters/sbml:parameter[@id=&apos;ATPase_k1&apos;]">
          <bounds initialValue="45.10598991" lowerBound="1e-06" upperBound="1000000"/>
        </adjustableParameter>
      </listOfAdjustableParameters>
      <listOfFitExperiments>
        <fitExperiment id="Experiment1" represents="TimeCourse">
          <listOfFitMappings>
            <fitMapping dataSource="ds_time" dataGenerator="dg_time" type="Variable" weight="1"/>
            <fitMapping dataSource="ds_fru16bp" dataGenerator="dg_f16bp" type="Variable" weight="1"/>
            <fitMapping dataSource="ds_glu" dataGenerator="dg_glu" type="Variable" weight="1"/>
            <fitMapping dataSource="ds_pyr" dataGenerator="dg_pyr" type="Variable" weight="1"/>
            <fitMapping dataSource="ds_glu_ext" dataGenerator="dg_glu_ext" type="Parameter" weight="1"/>
          </listOfFitMappings>
        </fitExperiment>
      </listOfFitExperiments>
    </parameterEstimationTask>
  </listOfTasks>
  <listOfDataGenerators>
    <dataGenerator id="dg_time">
      <math xmlns="http://www.w3.org/1998/Math/MathML">
        <ci> var_time </ci>
      </math>
      <listOfVariables>
        <variable id="var_time" symbol="urn:sedml:symbol:time" taskReference="pe1" modelReference="model1"/>
      </listOfVariables>
    </dataGenerator>
    <dataGenerator id="dg_f16bp">
      <math xmlns="http://www.w3.org/1998/Math/MathML">
        <ci> var_f16bp </ci>
      </math>
      <listOfVariables>
        <variable id="var_f16bp" target="/sbml:sbml/sbml:model/sbml:listOfSpecies/sbml:species[@id=&quot;F16bP&quot;]" taskReference="pe1" modelReference="model1"/>
      </listOfVariables>
    </dataGenerator>
    <dataGenerator id="dg_glu">
      <math xmlns="http://www.w3.org/1998/Math/MathML">
        <ci> var_glu </ci>
      </math>
      <listOfVariables>
        <variable id="var_glu" target="/sbml:sbml/sbml:model/sbml:listOfSpecies/sbml:species[@id=&quot;GLCi&quot;]" taskReference="pe1" modelReference="model1"/>
      </listOfVariables>
    </dataGenerator>
    <dataGenerator id="dg_pyr">
      <math xmlns="http://www.w3.org/1998/Math/MathML">
        <ci> var_pyr </ci>
      </math>
      <listOfVariables>
        <variable id="var_pyr" target="/sbml:sbml/sbml:model/sbml:listOfSpecies/sbml:species[@id=&quot;PYR&quot;]" taskReference="pe1" modelReference="model1"/>
      </listOfVariables>
    </dataGenerator>
    <dataGenerator id="dg_glu_ext">
      <math xmlns="http://www.w3.org/1998/Math/MathML">
        <ci> var_glu_ext </ci>
      </math>
      <listOfVariables>
        <variable id="var_glu_ext" target="/sbml:sbml/sbml:model/sbml:listOfSpecies/sbml:species[@id=&quot;GLCo&quot;]" taskReference="pe1" modelReference="model1"/>
      </listOfVariables>
    </dataGenerator>
  </listOfDataGenerators>
  <listOfOutputs>
    <parameterEstimationResultPlot id="plot1" taskRef="pe1"/>
  </listOfOutputs>
</sedML>
